{
  "dimensions": {
      "height": 480.0,
      "width": 720.0
  },
  "parking_lots": {
      "0": {
          "x1": 680.84375,
          "x2": 719.0,
          "y1": 111.18749999999999,
          "y2": 168.25000000000006
      },
      "1": {
          "x1": 195.81250000000003,
          "x2": 249.25,
          "y1": 243.31249999999994,
          "y2": 318.8125
      },
      "2": {
          "x1": 496.78125,
          "x2": 540.8125,
          "y1": 249.90624999999994,
          "y2": 329.90625
      },
      "3": {
          "x1": 291.68750000000006,
          "x2": 328.40625,
          "y1": 101.96875000000001,
          "y2": 156.87500000000006
      },
      "4": {
          "x1": 118.90624999999991,
          "x2": 163.625,
          "y1": 114.15624999999997,
          "y2": 160.65625000000006
      },
      "5": {
          "x1": 507.90625,
          "x2": 550.03125,
          "y1": 104.59375,
          "y2": 152.15625000000009
      },
      "6": {
          "x1": 606.4999999999999,
          "x2": 656.8125,
          "y1": 258.96875,
          "y2": 343.12500000000006
      },
      "7": {
          "x1": 86.09374999999989,
          "x2": 141.0625,
          "y1": 238.49999999999997,
          "y2": 319.09375
      },
      "8": {
          "x1": 370.65625,
          "x2": 422.40625,
          "y1": 255.75,
          "y2": 337.37500000000006
      },
      "9": {
          "x1": 163.09374999999994,
          "x2": 197.5625,
          "y1": 104.96875,
          "y2": 160.34375000000006
      },
      "10": {
          "x1": 669.5625,
          "x2": 719.09375,
          "y1": 253.93749999999997,
          "y2": 347.28125000000006
      },
      "11": {
          "x1": 300.21875,
          "x2": 351.09375,
          "y1": 257.625,
          "y2": 335.03125000000006
      },
      "12": {
          "x1": 441.53125000000006,
          "x2": 483.78125,
          "y1": 242.93749999999994,
          "y2": 321.21875
      },
      "13": {
          "x1": 139.90624999999991,
          "x2": 191.0625,
          "y1": 245.31249999999994,
          "y2": 323.5625
      },
      "14": {
          "x1": 31.1875,
          "x2": 92.625,
          "y1": 232.90624999999997,
          "y2": 315.3125
      },
      "15": {
          "x1": 202.65625000000006,
          "x2": 253.09375,
          "y1": 108.49999999999999,
          "y2": 166.03125000000006
      },
      "16": {
          "x1": 251.15625000000006,
          "x2": 300.84375,
          "y1": 243.99999999999994,
          "y2": 333.125
      },
      "17": {
          "x1": 549.9062499999999,
          "x2": 602.5625,
          "y1": 253.93749999999997,
          "y2": 341.40625000000006
      },
      "18": {
          "x1": 553.4848484848484,
          "x2": 600.939393939394,
          "y1": 109.24242424242424,
          "y2": 163.36363636363643
      },
      "19": {
          "x1": 334.625,
          "x2": 375.6875,
          "y1": 104.1875,
          "y2": 158.75000000000006
      },
      "20": {
          "x1": 465.0937500000001,
          "x2": 508.53125,
          "y1": 107.875,
          "y2": 158.81250000000006
      },
      "21": {
          "x1": 79.74999999999989,
          "x2": 125.125,
          "y1": 108.0,
          "y2": 153.37500000000009
      }
  }
}